customer_id,risk_segment,churn_probability,likely_drivers,recommended_action,retention_priority
CUST-00001,low,0.019899999722838402,"usage, support_tickets",Monitor monthly and reinforce the strongest positive behavior: usage.,3
CUST-00002,medium,0.4832000136375427,"usage, payments, plan","Send targeted intervention before renewal risk increases. Suggested playbook: Offer onboarding, usage review, or workflow training to improve product adoption.",2
CUST-00003,low,0.03959999978542328,"usage, support_tickets",Monitor monthly and reinforce the strongest positive behavior: usage.,3
CUST-00004,low,0.06960000097751617,"usage, support_tickets",Monitor monthly and reinforce the strongest positive behavior: usage.,3
CUST-00005,medium,0.4124000072479248,"usage, payments, plan","Send targeted intervention before renewal risk increases. Suggested playbook: Offer onboarding, usage review, or workflow training to improve product adoption.",2
CUST-00006,low,0.038100000470876694,"usage, support_tickets",Monitor monthly and reinforce the strongest positive behavior: usage.,3
CUST-00007,low,0.07660000026226044,"usage, support_tickets",Monitor monthly and reinforce the strongest positive behavior: usage.,3
CUST-00008,low,0.05510000139474869,payments,Monitor monthly and reinforce the strongest positive behavior: payments.,3
CUST-00009,low,0.0632999986410141,"usage, plan",Monitor monthly and reinforce the strongest positive behavior: usage.,3
CUST-00010,low,0.2517000138759613,payments,Monitor monthly and reinforce the strongest positive behavior: payments.,3
CUST-00011,low,0.1940000057220459,"usage, payments, plan",Monitor monthly and reinforce the strongest positive behavior: usage.,3
CUST-00012,low,0.11180000007152557,payments,Monitor monthly and reinforce the strongest positive behavior: payments.,3
CUST-00013,low,0.2567000091075897,"usage, support_tickets, payments",Monitor monthly and reinforce the strongest positive behavior: usage.,3
CUST-00014,medium,0.5677000284194946,"usage, support_tickets, payments","Send targeted intervention before renewal risk increases. Suggested playbook: Offer onboarding, usage review, or workflow training to improve product adoption.",2
CUST-00015,low,0.21089999377727509,"usage, support_tickets, plan",Monitor monthly and reinforce the strongest positive behavior: usage.,3
CUST-00016,low,0.07370000332593918,plan,Monitor monthly and reinforce the strongest positive behavior: plan.,3
CUST-00017,low,0.022099999710917473,"usage, payments",Monitor monthly and reinforce the strongest positive behavior: usage.,3
CUST-00018,low,0.08869999647140503,"usage, payments, plan",Monitor monthly and reinforce the strongest positive behavior: usage.,3
CUST-00019,medium,0.42329999804496765,"usage, payments","Send targeted intervention before renewal risk increases. Suggested playbook: Offer onboarding, usage review, or workflow training to improve product adoption.",2
CUST-00020,low,0.125,"support_tickets, payments",Monitor monthly and reinforce the strongest positive behavior: support_tickets.,3
CUST-00021,low,0.3158999979496002,payments,Monitor monthly and reinforce the strongest positive behavior: payments.,3
CUST-00022,medium,0.41350001096725464,"usage, payments, plan","Send targeted intervention before renewal risk increases. Suggested playbook: Offer onboarding, usage review, or workflow training to improve product adoption.",2
CUST-00023,low,0.041200000792741776,"usage, support_tickets",Monitor monthly and reinforce the strongest positive behavior: usage.,3
CUST-00024,low,0.04520000144839287,"usage, support_tickets",Monitor monthly and reinforce the strongest positive behavior: usage.,3
CUST-00025,low,0.10689999908208847,support_tickets,Monitor monthly and reinforce the strongest positive behavior: support_tickets.,3
CUST-00026,low,0.29420000314712524,"usage, payments, plan",Monitor monthly and reinforce the strongest positive behavior: usage.,3
CUST-00027,high,0.8532000184059143,"usage, support_tickets, payments","Contact within 48 hours. Primary playbook: Offer onboarding, usage review, or workflow training to improve product adoption.",1
CUST-00028,low,0.19499999284744263,"usage, support_tickets, payments",Monitor monthly and reinforce the strongest positive behavior: usage.,3
CUST-00029,low,0.3855000138282776,"usage, support_tickets, payments",Monitor monthly and reinforce the strongest positive behavior: usage.,3
CUST-00030,low,0.26930001378059387,"support_tickets, payments",Monitor monthly and reinforce the strongest positive behavior: support_tickets.,3
CUST-00031,low,0.019700000062584877,"support_tickets, payments",Monitor monthly and reinforce the strongest positive behavior: support_tickets.,3
CUST-00032,low,0.08820000290870667,payments,Monitor monthly and reinforce the strongest positive behavior: payments.,3
CUST-00033,low,0.14229999482631683,"usage, plan",Monitor monthly and reinforce the strongest positive behavior: usage.,3
CUST-00034,medium,0.48190000653266907,"usage, support_tickets, payments","Send targeted intervention before renewal risk increases. Suggested playbook: Offer onboarding, usage review, or workflow training to improve product adoption.",2
CUST-00035,high,0.7857999801635742,"support_tickets, payments",Contact within 48 hours. Primary playbook: Prioritize proactive support outreach and assign a customer success owner.,1
CUST-00036,low,0.07980000227689743,"support_tickets, payments, plan",Monitor monthly and reinforce the strongest positive behavior: support_tickets.,3
CUST-00037,low,0.024000000208616257,"support_tickets, plan",Monitor monthly and reinforce the strongest positive behavior: support_tickets.,3
CUST-00038,low,0.3483999967575073,payments,Monitor monthly and reinforce the strongest positive behavior: payments.,3
CUST-00039,high,0.8331000208854675,"usage, support_tickets, payments","Contact within 48 hours. Primary playbook: Offer onboarding, usage review, or workflow training to improve product adoption.",1
CUST-00040,low,0.05290000140666962,support_tickets,Monitor monthly and reinforce the strongest positive behavior: support_tickets.,3
CUST-00041,low,0.061799999326467514,"usage, plan",Monitor monthly and reinforce the strongest positive behavior: usage.,3
CUST-00042,low,0.287200003862381,"usage, support_tickets",Monitor monthly and reinforce the strongest positive behavior: usage.,3
CUST-00043,low,0.15399999916553497,payments,Monitor monthly and reinforce the strongest positive behavior: payments.,3
CUST-00044,low,0.0843999981880188,"usage, payments, plan",Monitor monthly and reinforce the strongest positive behavior: usage.,3
CUST-00045,low,0.027300000190734863,support_tickets,Monitor monthly and reinforce the strongest positive behavior: support_tickets.,3
CUST-00046,low,0.19179999828338623,"usage, payments",Monitor monthly and reinforce the strongest positive behavior: usage.,3
CUST-00047,high,0.7095999717712402,"usage, payments, plan","Contact within 48 hours. Primary playbook: Offer onboarding, usage review, or workflow training to improve product adoption.",1
CUST-00048,low,0.3095000088214874,"usage, support_tickets, plan",Monitor monthly and reinforce the strongest positive behavior: usage.,3
CUST-00049,low,0.09589999914169312,"usage, support_tickets",Monitor monthly and reinforce the strongest positive behavior: usage.,3
CUST-00050,medium,0.4284000098705292,"usage, support_tickets, payments","Send targeted intervention before renewal risk increases. Suggested playbook: Offer onboarding, usage review, or workflow training to improve product adoption.",2
CUST-00051,low,0.17249999940395355,"usage, payments, plan",Monitor monthly and reinforce the strongest positive behavior: usage.,3
CUST-00052,low,0.10010000318288803,"usage, payments, plan",Monitor monthly and reinforce the strongest positive behavior: usage.,3
CUST-00053,low,0.09830000251531601,"support_tickets, payments",Monitor monthly and reinforce the strongest positive behavior: support_tickets.,3
CUST-00054,low,0.0348999984562397,"usage, support_tickets",Monitor monthly and reinforce the strongest positive behavior: usage.,3
CUST-00055,high,0.7204999923706055,"usage, support_tickets, payments","Contact within 48 hours. Primary playbook: Offer onboarding, usage review, or workflow training to improve product adoption.",1
CUST-00056,low,0.05380000174045563,"support_tickets, payments",Monitor monthly and reinforce the strongest positive behavior: support_tickets.,3
CUST-00057,low,0.14030000567436218,"support_tickets, payments",Monitor monthly and reinforce the strongest positive behavior: support_tickets.,3
CUST-00058,low,0.08780000358819962,usage,Monitor monthly and reinforce the strongest positive behavior: usage.,3
CUST-00059,low,0.1762000024318695,"usage, payments, plan",Monitor monthly and reinforce the strongest positive behavior: usage.,3
CUST-00060,medium,0.5284000039100647,"usage, support_tickets, payments","Send targeted intervention before renewal risk increases. Suggested playbook: Offer onboarding, usage review, or workflow training to improve product adoption.",2
CUST-00061,low,0.19120000302791595,payments,Monitor monthly and reinforce the strongest positive behavior: payments.,3
CUST-00062,medium,0.6855999827384949,"usage, support_tickets","Send targeted intervention before renewal risk increases. Suggested playbook: Offer onboarding, usage review, or workflow training to improve product adoption.",2
CUST-00063,low,0.23579999804496765,payments,Monitor monthly and reinforce the strongest positive behavior: payments.,3
CUST-00064,low,0.1378999948501587,"usage, payments",Monitor monthly and reinforce the strongest positive behavior: usage.,3
CUST-00065,low,0.06400000303983688,"usage, support_tickets",Monitor monthly and reinforce the strongest positive behavior: usage.,3
CUST-00066,low,0.03020000085234642,"usage, payments",Monitor monthly and reinforce the strongest positive behavior: usage.,3
CUST-00067,low,0.032999999821186066,"usage, support_tickets",Monitor monthly and reinforce the strongest positive behavior: usage.,3
CUST-00068,low,0.09279999881982803,"usage, payments, plan",Monitor monthly and reinforce the strongest positive behavior: usage.,3
CUST-00069,low,0.1306000053882599,"usage, support_tickets, payments",Monitor monthly and reinforce the strongest positive behavior: usage.,3
CUST-00070,high,0.7512000203132629,"usage, support_tickets, payments","Contact within 48 hours. Primary playbook: Offer onboarding, usage review, or workflow training to improve product adoption.",1
CUST-00071,low,0.2312999963760376,"usage, payments, plan",Monitor monthly and reinforce the strongest positive behavior: usage.,3
CUST-00072,medium,0.6758000254631042,"usage, payments, plan","Send targeted intervention before renewal risk increases. Suggested playbook: Offer onboarding, usage review, or workflow training to improve product adoption.",2
CUST-00073,low,0.06639999896287918,"usage, support_tickets",Monitor monthly and reinforce the strongest positive behavior: usage.,3
CUST-00074,low,0.16859999299049377,"usage, support_tickets, payments",Monitor monthly and reinforce the strongest positive behavior: usage.,3
CUST-00075,medium,0.4830999970436096,"usage, support_tickets, payments","Send targeted intervention before renewal risk increases. Suggested playbook: Offer onboarding, usage review, or workflow training to improve product adoption.",2
CUST-00076,medium,0.6212999820709229,"usage, payments, plan","Send targeted intervention before renewal risk increases. Suggested playbook: Offer onboarding, usage review, or workflow training to improve product adoption.",2
CUST-00077,low,0.16899999976158142,"usage, plan",Monitor monthly and reinforce the strongest positive behavior: usage.,3
CUST-00078,low,0.05590000003576279,payments,Monitor monthly and reinforce the strongest positive behavior: payments.,3
CUST-00079,low,0.21230000257492065,"support_tickets, payments",Monitor monthly and reinforce the strongest positive behavior: support_tickets.,3
CUST-00080,low,0.11339999735355377,"usage, support_tickets",Monitor monthly and reinforce the strongest positive behavior: usage.,3
CUST-00081,low,0.09849999845027924,"usage, support_tickets",Monitor monthly and reinforce the strongest positive behavior: usage.,3
CUST-00082,low,0.09790000319480896,"usage, support_tickets, plan",Monitor monthly and reinforce the strongest positive behavior: usage.,3
CUST-00083,low,0.09870000183582306,"support_tickets, payments",Monitor monthly and reinforce the strongest positive behavior: support_tickets.,3
CUST-00084,high,0.8902000188827515,"usage, support_tickets, payments","Contact within 48 hours. Primary playbook: Offer onboarding, usage review, or workflow training to improve product adoption.",1
CUST-00085,medium,0.5993000268936157,"usage, payments, plan","Send targeted intervention before renewal risk increases. Suggested playbook: Offer onboarding, usage review, or workflow training to improve product adoption.",2
CUST-00086,low,0.03909999877214432,plan,Monitor monthly and reinforce the strongest positive behavior: plan.,3
CUST-00087,low,0.09300000220537186,support_tickets,Monitor monthly and reinforce the strongest positive behavior: support_tickets.,3
CUST-00088,low,0.11010000109672546,"usage, support_tickets",Monitor monthly and reinforce the strongest positive behavior: usage.,3
CUST-00089,medium,0.6074000000953674,"usage, support_tickets, payments","Send targeted intervention before renewal risk increases. Suggested playbook: Offer onboarding, usage review, or workflow training to improve product adoption.",2
CUST-00090,low,0.0502999983727932,payments,Monitor monthly and reinforce the strongest positive behavior: payments.,3
CUST-00091,high,0.7325999736785889,"usage, support_tickets, payments","Contact within 48 hours. Primary playbook: Offer onboarding, usage review, or workflow training to improve product adoption.",1
CUST-00092,medium,0.4977000057697296,"usage, support_tickets, payments","Send targeted intervention before renewal risk increases. Suggested playbook: Offer onboarding, usage review, or workflow training to improve product adoption.",2
CUST-00093,low,0.11720000207424164,"usage, support_tickets, payments",Monitor monthly and reinforce the strongest positive behavior: usage.,3
CUST-00094,low,0.026000000536441803,"usage, payments, plan",Monitor monthly and reinforce the strongest positive behavior: usage.,3
CUST-00095,medium,0.4544999897480011,"usage, support_tickets, payments","Send targeted intervention before renewal risk increases. Suggested playbook: Offer onboarding, usage review, or workflow training to improve product adoption.",2
CUST-00096,medium,0.5515000224113464,"usage, support_tickets, payments","Send targeted intervention before renewal risk increases. Suggested playbook: Offer onboarding, usage review, or workflow training to improve product adoption.",2
CUST-00097,low,0.042100001126527786,plan,Monitor monthly and reinforce the strongest positive behavior: plan.,3
CUST-00098,low,0.1386999934911728,"support_tickets, plan",Monitor monthly and reinforce the strongest positive behavior: support_tickets.,3
CUST-00099,high,0.800599992275238,"usage, payments, plan","Contact within 48 hours. Primary playbook: Offer onboarding, usage review, or workflow training to improve product adoption.",1
CUST-00100,low,0.016599999740719795,payments,Monitor monthly and reinforce the strongest positive behavior: payments.,3
CUST-00101,low,0.033900000154972076,payments,Monitor monthly and reinforce the strongest positive behavior: payments.,3
CUST-00102,low,0.16680000722408295,"usage, support_tickets, payments",Monitor monthly and reinforce the strongest positive behavior: usage.,3
CUST-00103,low,0.03180000185966492,"payments, plan",Monitor monthly and reinforce the strongest positive behavior: payments.,3
CUST-00104,low,0.03359999880194664,payments,Monitor monthly and reinforce the strongest positive behavior: payments.,3
CUST-00105,low,0.21410000324249268,payments,Monitor monthly and reinforce the strongest positive behavior: payments.,3
CUST-00106,low,0.11879999935626984,payments,Monitor monthly and reinforce the strongest positive behavior: payments.,3
CUST-00107,high,0.7509999871253967,"usage, payments, plan","Contact within 48 hours. Primary playbook: Offer onboarding, usage review, or workflow training to improve product adoption.",1
CUST-00108,low,0.042100001126527786,"usage, support_tickets, plan",Monitor monthly and reinforce the strongest positive behavior: usage.,3
CUST-00109,low,0.04690000042319298,"usage, plan",Monitor monthly and reinforce the strongest positive behavior: usage.,3
CUST-00110,low,0.1671999990940094,payments,Monitor monthly and reinforce the strongest positive behavior: payments.,3
CUST-00111,low,0.2434999942779541,"usage, support_tickets",Monitor monthly and reinforce the strongest positive behavior: usage.,3
CUST-00112,medium,0.5170999765396118,"usage, support_tickets, payments","Send targeted intervention before renewal risk increases. Suggested playbook: Offer onboarding, usage review, or workflow training to improve product adoption.",2
CUST-00113,low,0.18209999799728394,"usage, payments, plan",Monitor monthly and reinforce the strongest positive behavior: usage.,3
CUST-00114,medium,0.4133000075817108,"usage, support_tickets, payments","Send targeted intervention before renewal risk increases. Suggested playbook: Offer onboarding, usage review, or workflow training to improve product adoption.",2
CUST-00115,medium,0.4165000021457672,"usage, payments, plan","Send targeted intervention before renewal risk increases. Suggested playbook: Offer onboarding, usage review, or workflow training to improve product adoption.",2
CUST-00116,low,0.015200000256299973,"usage, support_tickets",Monitor monthly and reinforce the strongest positive behavior: usage.,3
CUST-00117,low,0.07620000094175339,"support_tickets, payments",Monitor monthly and reinforce the strongest positive behavior: support_tickets.,3
CUST-00118,low,0.16660000383853912,support_tickets,Monitor monthly and reinforce the strongest positive behavior: support_tickets.,3
CUST-00119,low,0.13989999890327454,"usage, payments, plan",Monitor monthly and reinforce the strongest positive behavior: usage.,3
CUST-00120,low,0.03830000013113022,payments,Monitor monthly and reinforce the strongest positive behavior: payments.,3
CUST-00121,low,0.24500000476837158,payments,Monitor monthly and reinforce the strongest positive behavior: payments.,3
CUST-00122,low,0.09130000323057175,"usage, payments",Monitor monthly and reinforce the strongest positive behavior: usage.,3
CUST-00123,low,0.18029999732971191,"usage, payments, plan",Monitor monthly and reinforce the strongest positive behavior: usage.,3
CUST-00124,low,0.24089999496936798,"usage, payments, plan",Monitor monthly and reinforce the strongest positive behavior: usage.,3
CUST-00125,low,0.19059999287128448,"usage, plan",Monitor monthly and reinforce the strongest positive behavior: usage.,3
CUST-00126,low,0.15800000727176666,support_tickets,Monitor monthly and reinforce the strongest positive behavior: support_tickets.,3
CUST-00127,low,0.07609999924898148,"usage, plan",Monitor monthly and reinforce the strongest positive behavior: usage.,3
CUST-00128,low,0.07620000094175339,"usage, payments, plan",Monitor monthly and reinforce the strongest positive behavior: usage.,3
CUST-00129,low,0.32589998841285706,"usage, support_tickets, plan",Monitor monthly and reinforce the strongest positive behavior: usage.,3
CUST-00130,low,0.21660000085830688,usage,Monitor monthly and reinforce the strongest positive behavior: usage.,3
CUST-00131,low,0.2766999900341034,"usage, payments, plan",Monitor monthly and reinforce the strongest positive behavior: usage.,3
CUST-00132,low,0.018699999898672104,"usage, support_tickets",Monitor monthly and reinforce the strongest positive behavior: usage.,3
CUST-00133,low,0.06459999829530716,"usage, support_tickets",Monitor monthly and reinforce the strongest positive behavior: usage.,3
CUST-00134,low,0.08630000054836273,"usage, support_tickets, plan",Monitor monthly and reinforce the strongest positive behavior: usage.,3
CUST-00135,high,0.8162999749183655,"usage, support_tickets, payments","Contact within 48 hours. Primary playbook: Offer onboarding, usage review, or workflow training to improve product adoption.",1
CUST-00136,low,0.13899999856948853,"usage, payments, plan",Monitor monthly and reinforce the strongest positive behavior: usage.,3
CUST-00137,low,0.03150000050663948,"usage, support_tickets",Monitor monthly and reinforce the strongest positive behavior: usage.,3
CUST-00138,medium,0.45739999413490295,"usage, support_tickets, payments","Send targeted intervention before renewal risk increases. Suggested playbook: Offer onboarding, usage review, or workflow training to improve product adoption.",2
CUST-00139,low,0.10589999705553055,"usage, support_tickets",Monitor monthly and reinforce the strongest positive behavior: usage.,3
CUST-00140,low,0.1006999984383583,"usage, payments, plan",Monitor monthly and reinforce the strongest positive behavior: usage.,3
CUST-00141,low,0.03970000147819519,support_tickets,Monitor monthly and reinforce the strongest positive behavior: support_tickets.,3
CUST-00142,low,0.1274999976158142,payments,Monitor monthly and reinforce the strongest positive behavior: payments.,3
CUST-00143,low,0.029200000688433647,"usage, support_tickets",Monitor monthly and reinforce the strongest positive behavior: usage.,3
CUST-00144,low,0.08619999885559082,"usage, support_tickets",Monitor monthly and reinforce the strongest positive behavior: usage.,3
CUST-00145,low,0.11429999768733978,"support_tickets, payments",Monitor monthly and reinforce the strongest positive behavior: support_tickets.,3
CUST-00146,high,0.708299994468689,"usage, support_tickets, payments","Contact within 48 hours. Primary playbook: Offer onboarding, usage review, or workflow training to improve product adoption.",1
CUST-00147,low,0.25110000371932983,"usage, payments, plan",Monitor monthly and reinforce the strongest positive behavior: usage.,3
CUST-00148,low,0.14030000567436218,usage,Monitor monthly and reinforce the strongest positive behavior: usage.,3
CUST-00149,low,0.08269999921321869,"usage, payments, plan",Monitor monthly and reinforce the strongest positive behavior: usage.,3
CUST-00150,low,0.07050000131130219,plan,Monitor monthly and reinforce the strongest positive behavior: plan.,3
CUST-00151,low,0.12189999967813492,"support_tickets, payments",Monitor monthly and reinforce the strongest positive behavior: support_tickets.,3
CUST-00152,low,0.04670000076293945,"usage, support_tickets",Monitor monthly and reinforce the strongest positive behavior: usage.,3
CUST-00153,medium,0.6747999787330627,"usage, support_tickets, payments","Send targeted intervention before renewal risk increases. Suggested playbook: Offer onboarding, usage review, or workflow training to improve product adoption.",2
CUST-00154,low,0.030899999663233757,payments,Monitor monthly and reinforce the strongest positive behavior: payments.,3
CUST-00155,low,0.09740000218153,"usage, payments, plan",Monitor monthly and reinforce the strongest positive behavior: usage.,3
CUST-00156,high,0.786300003528595,"support_tickets, payments",Contact within 48 hours. Primary playbook: Prioritize proactive support outreach and assign a customer success owner.,1
CUST-00157,medium,0.6549000144004822,"usage, support_tickets, payments","Send targeted intervention before renewal risk increases. Suggested playbook: Offer onboarding, usage review, or workflow training to improve product adoption.",2
CUST-00158,low,0.0625,support_tickets,Monitor monthly and reinforce the strongest positive behavior: support_tickets.,3
CUST-00159,low,0.04529999941587448,"support_tickets, payments",Monitor monthly and reinforce the strongest positive behavior: support_tickets.,3
CUST-00160,low,0.05079999938607216,payments,Monitor monthly and reinforce the strongest positive behavior: payments.,3
CUST-00161,low,0.1388999968767166,"usage, plan",Monitor monthly and reinforce the strongest positive behavior: usage.,3
CUST-00162,low,0.0272000003606081,payments,Monitor monthly and reinforce the strongest positive behavior: payments.,3
CUST-00163,low,0.07490000128746033,"usage, support_tickets, plan",Monitor monthly and reinforce the strongest positive behavior: usage.,3
CUST-00164,high,0.8111000061035156,"usage, support_tickets, payments","Contact within 48 hours. Primary playbook: Offer onboarding, usage review, or workflow training to improve product adoption.",1
CUST-00165,low,0.1597999930381775,"support_tickets, payments",Monitor monthly and reinforce the strongest positive behavior: support_tickets.,3
CUST-00166,low,0.35580000281333923,"usage, payments, plan",Monitor monthly and reinforce the strongest positive behavior: usage.,3
CUST-00167,low,0.14159999787807465,payments,Monitor monthly and reinforce the strongest positive behavior: payments.,3
CUST-00168,low,0.19030000269412994,payments,Monitor monthly and reinforce the strongest positive behavior: payments.,3
CUST-00169,low,0.20919999480247498,"usage, support_tickets, payments",Monitor monthly and reinforce the strongest positive behavior: usage.,3
CUST-00170,low,0.016499999910593033,support_tickets,Monitor monthly and reinforce the strongest positive behavior: support_tickets.,3
CUST-00171,medium,0.4226999878883362,"usage, support_tickets, payments","Send targeted intervention before renewal risk increases. Suggested playbook: Offer onboarding, usage review, or workflow training to improve product adoption.",2
CUST-00172,low,0.054099999368190765,payments,Monitor monthly and reinforce the strongest positive behavior: payments.,3
CUST-00173,low,0.3041999936103821,"usage, payments, plan",Monitor monthly and reinforce the strongest positive behavior: usage.,3
CUST-00174,low,0.09350000321865082,"support_tickets, payments",Monitor monthly and reinforce the strongest positive behavior: support_tickets.,3
CUST-00175,low,0.19820000231266022,"usage, payments, plan",Monitor monthly and reinforce the strongest positive behavior: usage.,3
CUST-00176,low,0.1632000058889389,"usage, support_tickets, payments",Monitor monthly and reinforce the strongest positive behavior: usage.,3
CUST-00177,low,0.18379999697208405,"usage, payments, plan",Monitor monthly and reinforce the strongest positive behavior: usage.,3
CUST-00178,low,0.20829999446868896,payments,Monitor monthly and reinforce the strongest positive behavior: payments.,3
CUST-00179,low,0.08100000023841858,"support_tickets, payments",Monitor monthly and reinforce the strongest positive behavior: support_tickets.,3
CUST-00180,medium,0.5618000030517578,"support_tickets, payments",Send targeted intervention before renewal risk increases. Suggested playbook: Prioritize proactive support outreach and assign a customer success owner.,2
CUST-00181,low,0.030899999663233757,"usage, support_tickets",Monitor monthly and reinforce the strongest positive behavior: usage.,3
CUST-00182,low,0.03759999945759773,"usage, support_tickets",Monitor monthly and reinforce the strongest positive behavior: usage.,3
CUST-00183,low,0.0957999974489212,payments,Monitor monthly and reinforce the strongest positive behavior: payments.,3
CUST-00184,low,0.16859999299049377,"usage, support_tickets, payments",Monitor monthly and reinforce the strongest positive behavior: usage.,3
CUST-00185,low,0.016200000420212746,payments,Monitor monthly and reinforce the strongest positive behavior: payments.,3
CUST-00186,low,0.23829999566078186,"support_tickets, payments",Monitor monthly and reinforce the strongest positive behavior: support_tickets.,3
CUST-00187,low,0.3873000144958496,"usage, support_tickets, payments",Monitor monthly and reinforce the strongest positive behavior: usage.,3
CUST-00188,low,0.3264000117778778,"usage, payments, plan",Monitor monthly and reinforce the strongest positive behavior: usage.,3
CUST-00189,low,0.03959999978542328,"usage, support_tickets",Monitor monthly and reinforce the strongest positive behavior: usage.,3
CUST-00190,low,0.3474000096321106,"usage, payments, plan",Monitor monthly and reinforce the strongest positive behavior: usage.,3
CUST-00191,low,0.12269999831914902,"support_tickets, payments",Monitor monthly and reinforce the strongest positive behavior: support_tickets.,3
CUST-00192,medium,0.6984000205993652,"usage, support_tickets, payments","Send targeted intervention before renewal risk increases. Suggested playbook: Offer onboarding, usage review, or workflow training to improve product adoption.",2
CUST-00193,low,0.07280000299215317,"usage, payments, plan",Monitor monthly and reinforce the strongest positive behavior: usage.,3
CUST-00194,low,0.13830000162124634,support_tickets,Monitor monthly and reinforce the strongest positive behavior: support_tickets.,3
CUST-00195,medium,0.6603999733924866,"usage, support_tickets, payments","Send targeted intervention before renewal risk increases. Suggested playbook: Offer onboarding, usage review, or workflow training to improve product adoption.",2
CUST-00196,low,0.03610000014305115,"support_tickets, plan",Monitor monthly and reinforce the strongest positive behavior: support_tickets.,3
CUST-00197,low,0.07720000296831131,"usage, support_tickets",Monitor monthly and reinforce the strongest positive behavior: usage.,3
CUST-00198,low,0.03310000151395798,"usage, support_tickets",Monitor monthly and reinforce the strongest positive behavior: usage.,3
CUST-00199,low,0.08060000091791153,"usage, payments, plan",Monitor monthly and reinforce the strongest positive behavior: usage.,3
CUST-00200,low,0.024299999698996544,"usage, plan",Monitor monthly and reinforce the strongest positive behavior: usage.,3
CUST-00201,low,0.05040000006556511,"usage, support_tickets",Monitor monthly and reinforce the strongest positive behavior: usage.,3
CUST-00202,medium,0.5942999720573425,"support_tickets, payments",Send targeted intervention before renewal risk increases. Suggested playbook: Prioritize proactive support outreach and assign a customer success owner.,2
CUST-00203,medium,0.4715999960899353,"support_tickets, payments",Send targeted intervention before renewal risk increases. Suggested playbook: Prioritize proactive support outreach and assign a customer success owner.,2
CUST-00204,low,0.05009999871253967,"usage, payments, plan",Monitor monthly and reinforce the strongest positive behavior: usage.,3
CUST-00205,low,0.16599999368190765,"usage, payments, plan",Monitor monthly and reinforce the strongest positive behavior: usage.,3
CUST-00206,low,0.07360000163316727,"usage, plan",Monitor monthly and reinforce the strongest positive behavior: usage.,3
CUST-00207,low,0.37299999594688416,"usage, support_tickets, plan",Monitor monthly and reinforce the strongest positive behavior: usage.,3
CUST-00208,low,0.04270000010728836,"usage, support_tickets",Monitor monthly and reinforce the strongest positive behavior: usage.,3
CUST-00209,high,0.7210000157356262,"usage, support_tickets, payments","Contact within 48 hours. Primary playbook: Offer onboarding, usage review, or workflow training to improve product adoption.",1
CUST-00210,low,0.0272000003606081,"usage, support_tickets",Monitor monthly and reinforce the strongest positive behavior: usage.,3
CUST-00211,low,0.06449999660253525,payments,Monitor monthly and reinforce the strongest positive behavior: payments.,3
CUST-00212,low,0.13779999315738678,support_tickets,Monitor monthly and reinforce the strongest positive behavior: support_tickets.,3
CUST-00213,low,0.20810000598430634,"usage, support_tickets, payments",Monitor monthly and reinforce the strongest positive behavior: usage.,3
CUST-00214,low,0.05570000037550926,support_tickets,Monitor monthly and reinforce the strongest positive behavior: support_tickets.,3
CUST-00215,low,0.32179999351501465,"support_tickets, payments",Monitor monthly and reinforce the strongest positive behavior: support_tickets.,3
CUST-00216,low,0.19110000133514404,"usage, payments",Monitor monthly and reinforce the strongest positive behavior: usage.,3
CUST-00217,low,0.17569999396800995,"usage, support_tickets, payments",Monitor monthly and reinforce the strongest positive behavior: usage.,3
CUST-00218,low,0.226500004529953,"usage, plan",Monitor monthly and reinforce the strongest positive behavior: usage.,3
CUST-00219,low,0.06769999861717224,"usage, support_tickets",Monitor monthly and reinforce the strongest positive behavior: usage.,3
CUST-00220,high,0.8105000257492065,"usage, payments, plan","Contact within 48 hours. Primary playbook: Offer onboarding, usage review, or workflow training to improve product adoption.",1
CUST-00221,low,0.29159998893737793,"usage, support_tickets, payments",Monitor monthly and reinforce the strongest positive behavior: usage.,3
CUST-00222,low,0.26899999380111694,usage,Monitor monthly and reinforce the strongest positive behavior: usage.,3
CUST-00223,low,0.2632000148296356,"usage, support_tickets",Monitor monthly and reinforce the strongest positive behavior: usage.,3
CUST-00224,low,0.019300000742077827,"usage, support_tickets",Monitor monthly and reinforce the strongest positive behavior: usage.,3
CUST-00225,high,0.7885000109672546,"usage, support_tickets, payments","Contact within 48 hours. Primary playbook: Offer onboarding, usage review, or workflow training to improve product adoption.",1
CUST-00226,low,0.050700001418590546,"support_tickets, payments",Monitor monthly and reinforce the strongest positive behavior: support_tickets.,3
CUST-00227,high,0.7293000221252441,"usage, support_tickets, payments","Contact within 48 hours. Primary playbook: Offer onboarding, usage review, or workflow training to improve product adoption.",1
CUST-00228,low,0.09529999643564224,"usage, support_tickets",Monitor monthly and reinforce the strongest positive behavior: usage.,3
CUST-00229,low,0.07689999788999557,"support_tickets, payments",Monitor monthly and reinforce the strongest positive behavior: support_tickets.,3
CUST-00230,medium,0.41510000824928284,"usage, payments, plan","Send targeted intervention before renewal risk increases. Suggested playbook: Offer onboarding, usage review, or workflow training to improve product adoption.",2
CUST-00231,low,0.06949999928474426,"support_tickets, payments, plan",Monitor monthly and reinforce the strongest positive behavior: support_tickets.,3
CUST-00232,low,0.11550000309944153,"usage, plan",Monitor monthly and reinforce the strongest positive behavior: usage.,3
CUST-00233,low,0.02810000069439411,payments,Monitor monthly and reinforce the strongest positive behavior: payments.,3
CUST-00234,low,0.08100000023841858,support_tickets,Monitor monthly and reinforce the strongest positive behavior: support_tickets.,3
CUST-00235,low,0.03480000048875809,"usage, support_tickets",Monitor monthly and reinforce the strongest positive behavior: usage.,3
CUST-00236,low,0.0575999990105629,payments,Monitor monthly and reinforce the strongest positive behavior: payments.,3
CUST-00237,medium,0.4366999864578247,"usage, payments","Send targeted intervention before renewal risk increases. Suggested playbook: Offer onboarding, usage review, or workflow training to improve product adoption.",2
CUST-00238,low,0.19900000095367432,payments,Monitor monthly and reinforce the strongest positive behavior: payments.,3
CUST-00239,low,0.3824999928474426,"usage, support_tickets, payments",Monitor monthly and reinforce the strongest positive behavior: usage.,3
CUST-00240,low,0.21529999375343323,"usage, payments, plan",Monitor monthly and reinforce the strongest positive behavior: usage.,3
CUST-00241,low,0.04560000076889992,"usage, support_tickets",Monitor monthly and reinforce the strongest positive behavior: usage.,3
CUST-00242,low,0.040800001472234726,"usage, support_tickets",Monitor monthly and reinforce the strongest positive behavior: usage.,3
CUST-00243,low,0.03840000182390213,"payments, plan",Monitor monthly and reinforce the strongest positive behavior: payments.,3
CUST-00244,low,0.03610000014305115,payments,Monitor monthly and reinforce the strongest positive behavior: payments.,3
CUST-00245,low,0.15889999270439148,payments,Monitor monthly and reinforce the strongest positive behavior: payments.,3
CUST-00246,low,0.034699998795986176,support_tickets,Monitor monthly and reinforce the strongest positive behavior: support_tickets.,3
CUST-00247,low,0.24500000476837158,support_tickets,Monitor monthly and reinforce the strongest positive behavior: support_tickets.,3
CUST-00248,low,0.1023000031709671,"usage, payments, plan",Monitor monthly and reinforce the strongest positive behavior: usage.,3
CUST-00249,medium,0.45890000462532043,"usage, support_tickets, payments","Send targeted intervention before renewal risk increases. Suggested playbook: Offer onboarding, usage review, or workflow training to improve product adoption.",2
CUST-00250,low,0.037700001150369644,plan,Monitor monthly and reinforce the strongest positive behavior: plan.,3
CUST-00251,low,0.3594000041484833,"support_tickets, payments",Monitor monthly and reinforce the strongest positive behavior: support_tickets.,3
CUST-00252,low,0.014299999922513962,payments,Monitor monthly and reinforce the strongest positive behavior: payments.,3
CUST-00253,low,0.3109000027179718,"support_tickets, payments",Monitor monthly and reinforce the strongest positive behavior: support_tickets.,3
CUST-00254,low,0.19349999725818634,"usage, plan",Monitor monthly and reinforce the strongest positive behavior: usage.,3
CUST-00255,low,0.0851999968290329,"usage, plan",Monitor monthly and reinforce the strongest positive behavior: usage.,3
CUST-00256,high,0.7857999801635742,"support_tickets, payments",Contact within 48 hours. Primary playbook: Prioritize proactive support outreach and assign a customer success owner.,1
CUST-00257,low,0.10300000011920929,payments,Monitor monthly and reinforce the strongest positive behavior: payments.,3
CUST-00258,low,0.1776999980211258,"usage, plan",Monitor monthly and reinforce the strongest positive behavior: usage.,3
CUST-00259,low,0.08399999886751175,"usage, payments, plan",Monitor monthly and reinforce the strongest positive behavior: usage.,3
CUST-00260,low,0.08229999989271164,support_tickets,Monitor monthly and reinforce the strongest positive behavior: support_tickets.,3
CUST-00261,low,0.36070001125335693,"usage, support_tickets, payments",Monitor monthly and reinforce the strongest positive behavior: usage.,3
CUST-00262,low,0.06319999694824219,"usage, support_tickets",Monitor monthly and reinforce the strongest positive behavior: usage.,3
CUST-00263,low,0.10029999911785126,"payments, plan",Monitor monthly and reinforce the strongest positive behavior: payments.,3
CUST-00264,low,0.10859999805688858,"usage, plan",Monitor monthly and reinforce the strongest positive behavior: usage.,3
CUST-00265,low,0.02800000086426735,payments,Monitor monthly and reinforce the strongest positive behavior: payments.,3
CUST-00266,medium,0.6848999857902527,"usage, support_tickets, payments","Send targeted intervention before renewal risk increases. Suggested playbook: Offer onboarding, usage review, or workflow training to improve product adoption.",2
CUST-00267,low,0.1817999929189682,"usage, payments, plan",Monitor monthly and reinforce the strongest positive behavior: usage.,3
CUST-00268,medium,0.5873000025749207,"usage, support_tickets, payments","Send targeted intervention before renewal risk increases. Suggested playbook: Offer onboarding, usage review, or workflow training to improve product adoption.",2
CUST-00269,low,0.03620000183582306,"usage, support_tickets, payments",Monitor monthly and reinforce the strongest positive behavior: usage.,3
CUST-00270,low,0.38609999418258667,"usage, payments, plan",Monitor monthly and reinforce the strongest positive behavior: usage.,3
CUST-00271,low,0.15629999339580536,"usage, payments, plan",Monitor monthly and reinforce the strongest positive behavior: usage.,3
CUST-00272,high,0.7595999836921692,"usage, support_tickets, payments","Contact within 48 hours. Primary playbook: Offer onboarding, usage review, or workflow training to improve product adoption.",1
CUST-00273,low,0.04839999973773956,plan,Monitor monthly and reinforce the strongest positive behavior: plan.,3
CUST-00274,low,0.05350000038743019,"usage, support_tickets",Monitor monthly and reinforce the strongest positive behavior: usage.,3
CUST-00275,low,0.18039999902248383,"usage, support_tickets",Monitor monthly and reinforce the strongest positive behavior: usage.,3
CUST-00276,low,0.03480000048875809,"usage, plan",Monitor monthly and reinforce the strongest positive behavior: usage.,3
CUST-00277,low,0.09489999711513519,"usage, plan",Monitor monthly and reinforce the strongest positive behavior: usage.,3
CUST-00278,low,0.07020000368356705,support_tickets,Monitor monthly and reinforce the strongest positive behavior: support_tickets.,3
CUST-00279,low,0.06930000334978104,payments,Monitor monthly and reinforce the strongest positive behavior: payments.,3
CUST-00280,low,0.03799999877810478,"usage, support_tickets",Monitor monthly and reinforce the strongest positive behavior: usage.,3
CUST-00281,low,0.1289999932050705,"usage, payments, plan",Monitor monthly and reinforce the strongest positive behavior: usage.,3
CUST-00282,medium,0.5432000160217285,"usage, support_tickets, payments","Send targeted intervention before renewal risk increases. Suggested playbook: Offer onboarding, usage review, or workflow training to improve product adoption.",2
CUST-00283,low,0.13779999315738678,"usage, support_tickets, payments",Monitor monthly and reinforce the strongest positive behavior: usage.,3
CUST-00284,low,0.14309999346733093,"usage, plan",Monitor monthly and reinforce the strongest positive behavior: usage.,3
CUST-00285,low,0.2558000087738037,"support_tickets, payments",Monitor monthly and reinforce the strongest positive behavior: support_tickets.,3
CUST-00286,low,0.35370001196861267,"usage, support_tickets, payments",Monitor monthly and reinforce the strongest positive behavior: usage.,3
CUST-00287,low,0.04190000146627426,"usage, support_tickets, payments",Monitor monthly and reinforce the strongest positive behavior: usage.,3
CUST-00288,low,0.38280001282691956,"usage, payments, plan",Monitor monthly and reinforce the strongest positive behavior: usage.,3
CUST-00289,medium,0.5526999831199646,"support_tickets, payments",Send targeted intervention before renewal risk increases. Suggested playbook: Prioritize proactive support outreach and assign a customer success owner.,2
CUST-00290,medium,0.40560001134872437,"usage, support_tickets, plan","Send targeted intervention before renewal risk increases. Suggested playbook: Offer onboarding, usage review, or workflow training to improve product adoption.",2
CUST-00291,low,0.051100000739097595,"support_tickets, payments",Monitor monthly and reinforce the strongest positive behavior: support_tickets.,3
CUST-00292,low,0.13699999451637268,"usage, plan",Monitor monthly and reinforce the strongest positive behavior: usage.,3
CUST-00293,low,0.01360000018030405,payments,Monitor monthly and reinforce the strongest positive behavior: payments.,3
CUST-00294,low,0.2847999930381775,"usage, payments, plan",Monitor monthly and reinforce the strongest positive behavior: usage.,3
CUST-00295,low,0.039000000804662704,"usage, support_tickets",Monitor monthly and reinforce the strongest positive behavior: usage.,3
CUST-00296,low,0.013000000268220901,payments,Monitor monthly and reinforce the strongest positive behavior: payments.,3
CUST-00297,low,0.08720000088214874,"support_tickets, payments",Monitor monthly and reinforce the strongest positive behavior: support_tickets.,3
CUST-00298,low,0.044199999421834946,support_tickets,Monitor monthly and reinforce the strongest positive behavior: support_tickets.,3
CUST-00299,low,0.04919999837875366,"usage, support_tickets",Monitor monthly and reinforce the strongest positive behavior: usage.,3
CUST-00300,medium,0.6430000066757202,"usage, support_tickets, payments","Send targeted intervention before renewal risk increases. Suggested playbook: Offer onboarding, usage review, or workflow training to improve product adoption.",2
CUST-00301,low,0.19020000100135803,"usage, support_tickets",Monitor monthly and reinforce the strongest positive behavior: usage.,3
CUST-00302,low,0.29649999737739563,"usage, support_tickets, payments",Monitor monthly and reinforce the strongest positive behavior: usage.,3
CUST-00303,low,0.2624000012874603,support_tickets,Monitor monthly and reinforce the strongest positive behavior: support_tickets.,3
CUST-00304,low,0.05090000107884407,"usage, support_tickets",Monitor monthly and reinforce the strongest positive behavior: usage.,3
CUST-00305,low,0.017899999395012856,"usage, support_tickets",Monitor monthly and reinforce the strongest positive behavior: usage.,3
CUST-00306,low,0.0357000008225441,"usage, support_tickets",Monitor monthly and reinforce the strongest positive behavior: usage.,3
CUST-00307,low,0.27480000257492065,"usage, payments, plan",Monitor monthly and reinforce the strongest positive behavior: usage.,3
CUST-00308,low,0.1316000074148178,payments,Monitor monthly and reinforce the strongest positive behavior: payments.,3
CUST-00309,high,0.7609000205993652,"usage, support_tickets, payments","Contact within 48 hours. Primary playbook: Offer onboarding, usage review, or workflow training to improve product adoption.",1
CUST-00310,low,0.06539999693632126,"usage, payments, plan",Monitor monthly and reinforce the strongest positive behavior: usage.,3
CUST-00311,low,0.20600000023841858,"usage, support_tickets",Monitor monthly and reinforce the strongest positive behavior: usage.,3
CUST-00312,low,0.15559999644756317,"usage, payments, plan",Monitor monthly and reinforce the strongest positive behavior: usage.,3
CUST-00313,low,0.29120001196861267,"usage, plan",Monitor monthly and reinforce the strongest positive behavior: usage.,3
CUST-00314,low,0.12139999866485596,"usage, payments, plan",Monitor monthly and reinforce the strongest positive behavior: usage.,3
CUST-00315,low,0.05620000138878822,"usage, support_tickets, plan",Monitor monthly and reinforce the strongest positive behavior: usage.,3
CUST-00316,medium,0.4474000036716461,"usage, support_tickets, payments","Send targeted intervention before renewal risk increases. Suggested playbook: Offer onboarding, usage review, or workflow training to improve product adoption.",2
CUST-00317,low,0.07919999957084656,"usage, support_tickets, payments",Monitor monthly and reinforce the strongest positive behavior: usage.,3
CUST-00318,low,0.04569999873638153,"usage, support_tickets",Monitor monthly and reinforce the strongest positive behavior: usage.,3
CUST-00319,medium,0.49630001187324524,"usage, payments, plan","Send targeted intervention before renewal risk increases. Suggested playbook: Offer onboarding, usage review, or workflow training to improve product adoption.",2
CUST-00320,low,0.010499999858438969,payments,Monitor monthly and reinforce the strongest positive behavior: payments.,3
CUST-00321,low,0.09679999947547913,"support_tickets, payments",Monitor monthly and reinforce the strongest positive behavior: support_tickets.,3
CUST-00322,medium,0.6269000172615051,"usage, support_tickets, payments","Send targeted intervention before renewal risk increases. Suggested playbook: Offer onboarding, usage review, or workflow training to improve product adoption.",2
CUST-00323,high,0.8500000238418579,"usage, payments, plan","Contact within 48 hours. Primary playbook: Offer onboarding, usage review, or workflow training to improve product adoption.",1
CUST-00324,low,0.08669999986886978,support_tickets,Monitor monthly and reinforce the strongest positive behavior: support_tickets.,3
CUST-00325,low,0.2971000075340271,payments,Monitor monthly and reinforce the strongest positive behavior: payments.,3
CUST-00326,low,0.05829999968409538,payments,Monitor monthly and reinforce the strongest positive behavior: payments.,3
CUST-00327,low,0.03189999982714653,"usage, support_tickets",Monitor monthly and reinforce the strongest positive behavior: usage.,3
CUST-00328,medium,0.5838000178337097,"support_tickets, payments",Send targeted intervention before renewal risk increases. Suggested playbook: Prioritize proactive support outreach and assign a customer success owner.,2
CUST-00329,low,0.07249999791383743,payments,Monitor monthly and reinforce the strongest positive behavior: payments.,3
CUST-00330,low,0.11580000072717667,"usage, support_tickets, payments",Monitor monthly and reinforce the strongest positive behavior: usage.,3
CUST-00331,low,0.26499998569488525,"support_tickets, payments",Monitor monthly and reinforce the strongest positive behavior: support_tickets.,3
CUST-00332,medium,0.6288999915122986,"usage, support_tickets, payments","Send targeted intervention before renewal risk increases. Suggested playbook: Offer onboarding, usage review, or workflow training to improve product adoption.",2
CUST-00333,low,0.05130000039935112,payments,Monitor monthly and reinforce the strongest positive behavior: payments.,3
CUST-00334,low,0.03929999843239784,"usage, support_tickets",Monitor monthly and reinforce the strongest positive behavior: usage.,3
CUST-00335,high,0.9294999837875366,"usage, support_tickets, payments","Contact within 48 hours. Primary playbook: Offer onboarding, usage review, or workflow training to improve product adoption.",1
CUST-00336,low,0.0754999965429306,support_tickets,Monitor monthly and reinforce the strongest positive behavior: support_tickets.,3
CUST-00337,high,0.7560999989509583,"usage, support_tickets, payments","Contact within 48 hours. Primary playbook: Offer onboarding, usage review, or workflow training to improve product adoption.",1
CUST-00338,low,0.1729000061750412,"usage, support_tickets, payments",Monitor monthly and reinforce the strongest positive behavior: usage.,3
CUST-00339,low,0.10639999806880951,"usage, plan",Monitor monthly and reinforce the strongest positive behavior: usage.,3
CUST-00340,low,0.015300000086426735,payments,Monitor monthly and reinforce the strongest positive behavior: payments.,3
CUST-00341,low,0.15039999783039093,"usage, payments, plan",Monitor monthly and reinforce the strongest positive behavior: usage.,3
CUST-00342,low,0.05950000137090683,payments,Monitor monthly and reinforce the strongest positive behavior: payments.,3
CUST-00343,low,0.16459999978542328,payments,Monitor monthly and reinforce the strongest positive behavior: payments.,3
CUST-00344,low,0.021400000900030136,"usage, support_tickets",Monitor monthly and reinforce the strongest positive behavior: usage.,3
CUST-00345,low,0.14419999718666077,payments,Monitor monthly and reinforce the strongest positive behavior: payments.,3
CUST-00346,low,0.147599995136261,"usage, support_tickets",Monitor monthly and reinforce the strongest positive behavior: usage.,3
CUST-00347,low,0.03370000049471855,"usage, support_tickets",Monitor monthly and reinforce the strongest positive behavior: usage.,3
CUST-00348,low,0.029500000178813934,plan,Monitor monthly and reinforce the strongest positive behavior: plan.,3
CUST-00349,low,0.0989999994635582,payments,Monitor monthly and reinforce the strongest positive behavior: payments.,3
CUST-00350,medium,0.6769999861717224,"usage, plan","Send targeted intervention before renewal risk increases. Suggested playbook: Offer onboarding, usage review, or workflow training to improve product adoption.",2
CUST-00351,low,0.23119999468326569,payments,Monitor monthly and reinforce the strongest positive behavior: payments.,3
CUST-00352,low,0.08529999852180481,"usage, payments, plan",Monitor monthly and reinforce the strongest positive behavior: usage.,3
CUST-00353,low,0.32120001316070557,"support_tickets, payments",Monitor monthly and reinforce the strongest positive behavior: support_tickets.,3
CUST-00354,low,0.026100000366568565,payments,Monitor monthly and reinforce the strongest positive behavior: payments.,3
CUST-00355,low,0.047200001776218414,"usage, payments",Monitor monthly and reinforce the strongest positive behavior: usage.,3
CUST-00356,low,0.20829999446868896,"usage, payments",Monitor monthly and reinforce the strongest positive behavior: usage.,3
CUST-00357,medium,0.6366000175476074,"support_tickets, payments",Send targeted intervention before renewal risk increases. Suggested playbook: Prioritize proactive support outreach and assign a customer success owner.,2
CUST-00358,low,0.1168999969959259,"usage, payments",Monitor monthly and reinforce the strongest positive behavior: usage.,3
CUST-00359,low,0.17659999430179596,"usage, payments",Monitor monthly and reinforce the strongest positive behavior: usage.,3
CUST-00360,low,0.11320000141859055,payments,Monitor monthly and reinforce the strongest positive behavior: payments.,3
CUST-00361,low,0.19859999418258667,payments,Monitor monthly and reinforce the strongest positive behavior: payments.,3
CUST-00362,medium,0.43470001220703125,"usage, support_tickets, payments","Send targeted intervention before renewal risk increases. Suggested playbook: Offer onboarding, usage review, or workflow training to improve product adoption.",2
CUST-00363,medium,0.5192999839782715,"usage, payments, plan","Send targeted intervention before renewal risk increases. Suggested playbook: Offer onboarding, usage review, or workflow training to improve product adoption.",2
CUST-00364,medium,0.5795999765396118,"usage, support_tickets, payments","Send targeted intervention before renewal risk increases. Suggested playbook: Offer onboarding, usage review, or workflow training to improve product adoption.",2
CUST-00365,medium,0.5047000050544739,"support_tickets, payments",Send targeted intervention before renewal risk increases. Suggested playbook: Prioritize proactive support outreach and assign a customer success owner.,2
CUST-00366,medium,0.654699981212616,"usage, payments, plan","Send targeted intervention before renewal risk increases. Suggested playbook: Offer onboarding, usage review, or workflow training to improve product adoption.",2
CUST-00367,medium,0.5835000276565552,"support_tickets, payments",Send targeted intervention before renewal risk increases. Suggested playbook: Prioritize proactive support outreach and assign a customer success owner.,2
CUST-00368,low,0.05640000104904175,"support_tickets, payments",Monitor monthly and reinforce the strongest positive behavior: support_tickets.,3
CUST-00369,low,0.05570000037550926,"usage, support_tickets, plan",Monitor monthly and reinforce the strongest positive behavior: usage.,3
CUST-00370,low,0.034299999475479126,"usage, support_tickets",Monitor monthly and reinforce the strongest positive behavior: usage.,3
CUST-00371,low,0.10819999873638153,support_tickets,Monitor monthly and reinforce the strongest positive behavior: support_tickets.,3
CUST-00372,medium,0.6614000201225281,"usage, support_tickets, payments","Send targeted intervention before renewal risk increases. Suggested playbook: Offer onboarding, usage review, or workflow training to improve product adoption.",2
CUST-00373,low,0.20329999923706055,"usage, payments, plan",Monitor monthly and reinforce the strongest positive behavior: usage.,3
CUST-00374,low,0.3767000138759613,"usage, payments, plan",Monitor monthly and reinforce the strongest positive behavior: usage.,3
CUST-00375,low,0.04450000077486038,"support_tickets, payments, plan",Monitor monthly and reinforce the strongest positive behavior: support_tickets.,3
CUST-00376,low,0.1656000018119812,"usage, support_tickets, payments",Monitor monthly and reinforce the strongest positive behavior: usage.,3
CUST-00377,low,0.03519999980926514,payments,Monitor monthly and reinforce the strongest positive behavior: payments.,3
CUST-00378,low,0.0478999987244606,"usage, payments, plan",Monitor monthly and reinforce the strongest positive behavior: usage.,3
CUST-00379,high,0.7764000296592712,"usage, payments, plan","Contact within 48 hours. Primary playbook: Offer onboarding, usage review, or workflow training to improve product adoption.",1
CUST-00380,low,0.0763000026345253,"support_tickets, payments",Monitor monthly and reinforce the strongest positive behavior: support_tickets.,3
CUST-00381,low,0.032999999821186066,"usage, support_tickets",Monitor monthly and reinforce the strongest positive behavior: usage.,3
CUST-00382,low,0.023099999874830246,payments,Monitor monthly and reinforce the strongest positive behavior: payments.,3
CUST-00383,low,0.0210999995470047,payments,Monitor monthly and reinforce the strongest positive behavior: payments.,3
CUST-00384,low,0.0697999969124794,"usage, support_tickets",Monitor monthly and reinforce the strongest positive behavior: usage.,3
CUST-00385,high,0.7990999817848206,"usage, payments, plan","Contact within 48 hours. Primary playbook: Offer onboarding, usage review, or workflow training to improve product adoption.",1
CUST-00386,low,0.05620000138878822,payments,Monitor monthly and reinforce the strongest positive behavior: payments.,3
CUST-00387,low,0.02539999969303608,"usage, support_tickets",Monitor monthly and reinforce the strongest positive behavior: usage.,3
CUST-00388,low,0.01590000092983246,payments,Monitor monthly and reinforce the strongest positive behavior: payments.,3
CUST-00389,low,0.04780000075697899,"usage, payments, plan",Monitor monthly and reinforce the strongest positive behavior: usage.,3
CUST-00390,low,0.08209999650716782,"usage, support_tickets",Monitor monthly and reinforce the strongest positive behavior: usage.,3
CUST-00391,medium,0.4392000138759613,"usage, support_tickets, payments","Send targeted intervention before renewal risk increases. Suggested playbook: Offer onboarding, usage review, or workflow training to improve product adoption.",2
CUST-00392,low,0.19480000436306,"usage, payments, plan",Monitor monthly and reinforce the strongest positive behavior: usage.,3
CUST-00393,low,0.03739999979734421,payments,Monitor monthly and reinforce the strongest positive behavior: payments.,3
CUST-00394,low,0.18690000474452972,usage,Monitor monthly and reinforce the strongest positive behavior: usage.,3
CUST-00395,low,0.25519999861717224,"usage, support_tickets, payments",Monitor monthly and reinforce the strongest positive behavior: usage.,3
CUST-00396,low,0.1185000017285347,"usage, support_tickets",Monitor monthly and reinforce the strongest positive behavior: usage.,3
CUST-00397,low,0.08169999718666077,"usage, support_tickets",Monitor monthly and reinforce the strongest positive behavior: usage.,3
CUST-00398,low,0.11010000109672546,"usage, support_tickets, plan",Monitor monthly and reinforce the strongest positive behavior: usage.,3
CUST-00399,medium,0.673799991607666,"usage, support_tickets, payments","Send targeted intervention before renewal risk increases. Suggested playbook: Offer onboarding, usage review, or workflow training to improve product adoption.",2
CUST-00400,low,0.21199999749660492,"usage, support_tickets, payments",Monitor monthly and reinforce the strongest positive behavior: usage.,3
CUST-00401,low,0.08020000159740448,"usage, support_tickets, plan",Monitor monthly and reinforce the strongest positive behavior: usage.,3
CUST-00402,low,0.03500000014901161,payments,Monitor monthly and reinforce the strongest positive behavior: payments.,3
CUST-00403,low,0.3179999887943268,"usage, payments",Monitor monthly and reinforce the strongest positive behavior: usage.,3
CUST-00404,low,0.12129999697208405,"usage, payments, plan",Monitor monthly and reinforce the strongest positive behavior: usage.,3
CUST-00405,low,0.020099999383091927,payments,Monitor monthly and reinforce the strongest positive behavior: payments.,3
CUST-00406,low,0.02539999969303608,payments,Monitor monthly and reinforce the strongest positive behavior: payments.,3
CUST-00407,low,0.25839999318122864,"usage, support_tickets, payments",Monitor monthly and reinforce the strongest positive behavior: usage.,3
CUST-00408,low,0.06430000066757202,"usage, support_tickets",Monitor monthly and reinforce the strongest positive behavior: usage.,3
CUST-00409,low,0.21799999475479126,"usage, payments, plan",Monitor monthly and reinforce the strongest positive behavior: usage.,3
CUST-00410,low,0.038600001484155655,payments,Monitor monthly and reinforce the strongest positive behavior: payments.,3
CUST-00411,low,0.38609999418258667,payments,Monitor monthly and reinforce the strongest positive behavior: payments.,3
CUST-00412,low,0.1875,"usage, support_tickets, payments",Monitor monthly and reinforce the strongest positive behavior: usage.,3
CUST-00413,low,0.22450000047683716,"usage, payments, plan",Monitor monthly and reinforce the strongest positive behavior: usage.,3
CUST-00414,low,0.02810000069439411,"usage, support_tickets",Monitor monthly and reinforce the strongest positive behavior: usage.,3
CUST-00415,high,0.7584999799728394,"usage, payments, plan","Contact within 48 hours. Primary playbook: Offer onboarding, usage review, or workflow training to improve product adoption.",1
CUST-00416,low,0.05939999967813492,"usage, payments, plan",Monitor monthly and reinforce the strongest positive behavior: usage.,3
CUST-00417,low,0.029200000688433647,"usage, plan",Monitor monthly and reinforce the strongest positive behavior: usage.,3
CUST-00418,low,0.02930000051856041,"usage, support_tickets",Monitor monthly and reinforce the strongest positive behavior: usage.,3
CUST-00419,low,0.11190000176429749,"usage, plan",Monitor monthly and reinforce the strongest positive behavior: usage.,3
CUST-00420,low,0.02539999969303608,payments,Monitor monthly and reinforce the strongest positive behavior: payments.,3
CUST-00421,low,0.1298000067472458,"usage, support_tickets",Monitor monthly and reinforce the strongest positive behavior: usage.,3
CUST-00422,low,0.03790000081062317,plan,Monitor monthly and reinforce the strongest positive behavior: plan.,3
CUST-00423,low,0.11590000241994858,"usage, support_tickets, plan",Monitor monthly and reinforce the strongest positive behavior: usage.,3
CUST-00424,high,0.7221999764442444,"usage, support_tickets, plan","Contact within 48 hours. Primary playbook: Offer onboarding, usage review, or workflow training to improve product adoption.",1
CUST-00425,medium,0.48019999265670776,"support_tickets, payments",Send targeted intervention before renewal risk increases. Suggested playbook: Prioritize proactive support outreach and assign a customer success owner.,2
CUST-00426,low,0.043800000101327896,payments,Monitor monthly and reinforce the strongest positive behavior: payments.,3
CUST-00427,low,0.18490000069141388,"usage, payments, plan",Monitor monthly and reinforce the strongest positive behavior: usage.,3
CUST-00428,low,0.03579999879002571,"usage, support_tickets",Monitor monthly and reinforce the strongest positive behavior: usage.,3
CUST-00429,low,0.275299996137619,"usage, support_tickets, payments",Monitor monthly and reinforce the strongest positive behavior: usage.,3
CUST-00430,low,0.029500000178813934,"usage, support_tickets",Monitor monthly and reinforce the strongest positive behavior: usage.,3
CUST-00431,low,0.01640000008046627,payments,Monitor monthly and reinforce the strongest positive behavior: payments.,3
CUST-00432,medium,0.6312000155448914,"usage, support_tickets, payments","Send targeted intervention before renewal risk increases. Suggested playbook: Offer onboarding, usage review, or workflow training to improve product adoption.",2
CUST-00433,low,0.2651999890804291,"usage, support_tickets, payments",Monitor monthly and reinforce the strongest positive behavior: usage.,3
CUST-00434,low,0.1412999927997589,"usage, support_tickets",Monitor monthly and reinforce the strongest positive behavior: usage.,3
CUST-00435,low,0.09969999641180038,"usage, payments, plan",Monitor monthly and reinforce the strongest positive behavior: usage.,3
CUST-00436,low,0.38190001249313354,"usage, support_tickets, payments",Monitor monthly and reinforce the strongest positive behavior: usage.,3
CUST-00437,medium,0.5486000180244446,"usage, support_tickets, plan","Send targeted intervention before renewal risk increases. Suggested playbook: Offer onboarding, usage review, or workflow training to improve product adoption.",2
CUST-00438,low,0.10260000079870224,usage,Monitor monthly and reinforce the strongest positive behavior: usage.,3
CUST-00439,low,0.334199994802475,"support_tickets, payments",Monitor monthly and reinforce the strongest positive behavior: support_tickets.,3
CUST-00440,low,0.1339000016450882,"usage, support_tickets",Monitor monthly and reinforce the strongest positive behavior: usage.,3
CUST-00441,low,0.056299999356269836,"usage, support_tickets",Monitor monthly and reinforce the strongest positive behavior: usage.,3
CUST-00442,low,0.12300000339746475,"usage, payments, plan",Monitor monthly and reinforce the strongest positive behavior: usage.,3
CUST-00443,low,0.027400000020861626,support_tickets,Monitor monthly and reinforce the strongest positive behavior: support_tickets.,3
CUST-00444,low,0.16220000386238098,"usage, support_tickets, payments",Monitor monthly and reinforce the strongest positive behavior: usage.,3
CUST-00445,medium,0.5047000050544739,"usage, payments, plan","Send targeted intervention before renewal risk increases. Suggested playbook: Offer onboarding, usage review, or workflow training to improve product adoption.",2
CUST-00446,medium,0.41350001096725464,"usage, support_tickets, payments","Send targeted intervention before renewal risk increases. Suggested playbook: Offer onboarding, usage review, or workflow training to improve product adoption.",2
CUST-00447,low,0.03420000150799751,"usage, support_tickets",Monitor monthly and reinforce the strongest positive behavior: usage.,3
CUST-00448,low,0.06840000301599503,support_tickets,Monitor monthly and reinforce the strongest positive behavior: support_tickets.,3
CUST-00449,medium,0.4000999927520752,"usage, payments, plan","Send targeted intervention before renewal risk increases. Suggested playbook: Offer onboarding, usage review, or workflow training to improve product adoption.",2
CUST-00450,medium,0.5443000197410583,"support_tickets, payments",Send targeted intervention before renewal risk increases. Suggested playbook: Prioritize proactive support outreach and assign a customer success owner.,2
CUST-00451,high,0.7591999769210815,"usage, payments, plan","Contact within 48 hours. Primary playbook: Offer onboarding, usage review, or workflow training to improve product adoption.",1
CUST-00452,low,0.065700002014637,payments,Monitor monthly and reinforce the strongest positive behavior: payments.,3
CUST-00453,low,0.24719999730587006,"usage, payments",Monitor monthly and reinforce the strongest positive behavior: usage.,3
CUST-00454,medium,0.5123999714851379,"usage, support_tickets, payments","Send targeted intervention before renewal risk increases. Suggested playbook: Offer onboarding, usage review, or workflow training to improve product adoption.",2
CUST-00455,low,0.09610000252723694,"usage, plan",Monitor monthly and reinforce the strongest positive behavior: usage.,3
CUST-00456,low,0.1898999959230423,"usage, payments, plan",Monitor monthly and reinforce the strongest positive behavior: usage.,3
CUST-00457,low,0.041200000792741776,"usage, support_tickets",Monitor monthly and reinforce the strongest positive behavior: usage.,3
CUST-00458,low,0.022099999710917473,payments,Monitor monthly and reinforce the strongest positive behavior: payments.,3
CUST-00459,low,0.3756999969482422,payments,Monitor monthly and reinforce the strongest positive behavior: payments.,3
CUST-00460,low,0.061900001019239426,"support_tickets, payments",Monitor monthly and reinforce the strongest positive behavior: support_tickets.,3
CUST-00461,medium,0.4327000081539154,support_tickets,Send targeted intervention before renewal risk increases. Suggested playbook: Prioritize proactive support outreach and assign a customer success owner.,2
CUST-00462,medium,0.4034000039100647,"usage, support_tickets, payments","Send targeted intervention before renewal risk increases. Suggested playbook: Offer onboarding, usage review, or workflow training to improve product adoption.",2
CUST-00463,low,0.0860000029206276,payments,Monitor monthly and reinforce the strongest positive behavior: payments.,3
CUST-00464,medium,0.6802999973297119,"usage, support_tickets, payments","Send targeted intervention before renewal risk increases. Suggested playbook: Offer onboarding, usage review, or workflow training to improve product adoption.",2
CUST-00465,low,0.14810000360012054,"usage, support_tickets",Monitor monthly and reinforce the strongest positive behavior: usage.,3
CUST-00466,low,0.13369999825954437,"support_tickets, payments",Monitor monthly and reinforce the strongest positive behavior: support_tickets.,3
CUST-00467,low,0.07429999858140945,"usage, support_tickets",Monitor monthly and reinforce the strongest positive behavior: usage.,3
CUST-00468,low,0.025499999523162842,payments,Monitor monthly and reinforce the strongest positive behavior: payments.,3
CUST-00469,low,0.16089999675750732,"usage, payments, plan",Monitor monthly and reinforce the strongest positive behavior: usage.,3
CUST-00470,low,0.21060000360012054,"support_tickets, payments",Monitor monthly and reinforce the strongest positive behavior: support_tickets.,3
CUST-00471,low,0.052000001072883606,"usage, support_tickets, payments",Monitor monthly and reinforce the strongest positive behavior: usage.,3
CUST-00472,low,0.08259999752044678,"usage, support_tickets",Monitor monthly and reinforce the strongest positive behavior: usage.,3
CUST-00473,low,0.07829999923706055,"usage, payments, plan",Monitor monthly and reinforce the strongest positive behavior: usage.,3
CUST-00474,low,0.19830000400543213,"usage, payments, plan",Monitor monthly and reinforce the strongest positive behavior: usage.,3
CUST-00475,low,0.11190000176429749,"usage, support_tickets, payments",Monitor monthly and reinforce the strongest positive behavior: usage.,3
CUST-00476,medium,0.6486999988555908,"usage, payments, plan","Send targeted intervention before renewal risk increases. Suggested playbook: Offer onboarding, usage review, or workflow training to improve product adoption.",2
CUST-00477,low,0.17020000517368317,"usage, support_tickets, plan",Monitor monthly and reinforce the strongest positive behavior: usage.,3
CUST-00478,low,0.05860000103712082,payments,Monitor monthly and reinforce the strongest positive behavior: payments.,3
CUST-00479,low,0.30979999899864197,"usage, payments",Monitor monthly and reinforce the strongest positive behavior: usage.,3
CUST-00480,low,0.17980000376701355,"usage, support_tickets, payments",Monitor monthly and reinforce the strongest positive behavior: usage.,3
CUST-00481,high,0.7760000228881836,"usage, payments, plan","Contact within 48 hours. Primary playbook: Offer onboarding, usage review, or workflow training to improve product adoption.",1
CUST-00482,low,0.1688999980688095,"usage, payments, plan",Monitor monthly and reinforce the strongest positive behavior: usage.,3
CUST-00483,low,0.28349998593330383,payments,Monitor monthly and reinforce the strongest positive behavior: payments.,3
CUST-00484,high,0.7433000206947327,"usage, payments, plan","Contact within 48 hours. Primary playbook: Offer onboarding, usage review, or workflow training to improve product adoption.",1
CUST-00485,low,0.2782000005245209,"usage, support_tickets, payments",Monitor monthly and reinforce the strongest positive behavior: usage.,3
CUST-00486,low,0.0828000009059906,"usage, support_tickets, plan",Monitor monthly and reinforce the strongest positive behavior: usage.,3
CUST-00487,low,0.06430000066757202,"usage, payments",Monitor monthly and reinforce the strongest positive behavior: usage.,3
CUST-00488,high,0.7229999899864197,"usage, payments, plan","Contact within 48 hours. Primary playbook: Offer onboarding, usage review, or workflow training to improve product adoption.",1
CUST-00489,low,0.17180000245571136,"support_tickets, payments",Monitor monthly and reinforce the strongest positive behavior: support_tickets.,3
CUST-00490,low,0.04050000011920929,payments,Monitor monthly and reinforce the strongest positive behavior: payments.,3
CUST-00491,low,0.09449999779462814,payments,Monitor monthly and reinforce the strongest positive behavior: payments.,3
CUST-00492,low,0.053700000047683716,usage,Monitor monthly and reinforce the strongest positive behavior: usage.,3
CUST-00493,high,0.7123000025749207,"support_tickets, payments",Contact within 48 hours. Primary playbook: Prioritize proactive support outreach and assign a customer success owner.,1
CUST-00494,low,0.37369999289512634,"usage, support_tickets, payments",Monitor monthly and reinforce the strongest positive behavior: usage.,3
CUST-00495,low,0.02979999966919422,"usage, payments",Monitor monthly and reinforce the strongest positive behavior: usage.,3
CUST-00496,low,0.21050000190734863,"support_tickets, payments",Monitor monthly and reinforce the strongest positive behavior: support_tickets.,3
CUST-00497,low,0.10459999740123749,"usage, payments, plan",Monitor monthly and reinforce the strongest positive behavior: usage.,3
CUST-00498,low,0.031199999153614044,"usage, support_tickets",Monitor monthly and reinforce the strongest positive behavior: usage.,3
CUST-00499,low,0.07349999994039536,plan,Monitor monthly and reinforce the strongest positive behavior: plan.,3
CUST-00500,low,0.14149999618530273,"usage, support_tickets",Monitor monthly and reinforce the strongest positive behavior: usage.,3
